model_name,RMSE,MAE
Random Forest,55.29200118093724,36.901536208398625
GRU,55.6267114737456,39.05370232728387
LSTM,56.08184159431116,38.98248395015796
TCN,66.72222215500102,42.48557509637127
