scenario,strategy,demand_phase1,demand_phase2,cycle_length,green_phase1,green_phase2,delay,throughput,queue_pressure,demand_served_per_cycle,capacity_phase1,capacity_phase2,throughput_phase1,throughput_phase2,queue_phase1,queue_phase2,total_demand,queue_pressure_ratio
Off-Peak Demand,Baseline,480.0,300.0,90,45.0,45.0,14.632867132867133,780.0,0.0,19.5,900.0,900.0,480.0,300.0,0.0,0.0,780.0,0.0
Off-Peak Demand,Optimized,480.0,300.0,90,55.38,34.62,13.451579580419576,780.0,0.0,19.5,1107.6000000000001,692.4,480.0,300.0,0.0,0.0,780.0,0.0
Normal Demand,Baseline,800.0,500.0,90,45.0,45.0,18.452662721893493,1300.0,0.0,32.5,900.0,900.0,800.0,500.0,0.0,0.0,1300.0,0.0
Normal Demand,Optimized,800.0,500.0,90,55.38,34.62,16.44945784615384,1300.0,0.0,32.5,1107.6000000000001,692.4,800.0,500.0,0.0,0.0,1300.0,0.0
Peak Demand,Baseline,1120.0,700.0,90,45.0,45.0,34.46503496503496,1600.0,220.0,40.0,900.0,900.0,900.0,700.0,220.0,0.0,1820.0,0.12087912087912088
Peak Demand,Optimized,1120.0,700.0,90,55.38,34.62,22.30230870336825,1800.0,19.999999999999886,45.0,1107.6000000000001,692.4,1107.6000000000001,692.4,12.399999999999864,7.600000000000023,1820.0,0.010989010989010926
