metric,average_baseline,average_optimized,average_change
Delay (sec/veh),22.51685493993186,17.401115376647223,18.072931429921667
Throughput (veh/hour),1226.6666666666667,1293.3333333333333,4.166666666666667
Queue Pressure (veh/hour unmet demand),73.33333333333333,6.666666666666629,90.90909090909096
Demand Served per Cycle (veh/cycle),30.666666666666668,32.333333333333336,4.166666666666667
Queue Pressure Ratio,0.04029304029304027,0.003663003663003633,90.90909090909098
Volume-to-Capacity Ratio,0.7222222222222222,0.7222222222222222,0.0
